tenure,monthly_charges,churn
29,446,0
15,400,0
8,187,0
21,470,0
19,402,0
23,267,0
11,269,0
11,234,0
24,149,0
36,439,0
24,446,0
3,233,0
22,446,0
2,236,1
24,344,0
30,208,0
2,412,1
21,386,0
33,120,0
12,189,0
22,395,0
25,211,0
27,400,0
28,176,0
16,276,0
15,442,0
3,247,1
7,200,0
21,345,0
9,216,0
18,191,0
4,500,1
25,127,0
14,124,0
9,157,0
26,396,1
2,233,0
20,430,0
28,348,0
7,137,0
8,489,0
35,174,0
14,241,0
17,421,1
36,267,0
4,358,1
2,472,1
6,454,1
4,324,0
29,251,0
18,118,0
26,245,0
34,340,0
10,471,1
36,480,0
14,443,1
31,336,0
15,134,0
8,289,1
14,100,0
23,252,0
21,225,0
16,444,1
18,499,0
24,325,0
26,320,0
25,310,0
29,124,0
15,115,0
1,281,1
25,428,0
7,228,0
9,141,0
24,435,0
1,335,1
8,459,1
24,133,0
11,444,1
17,480,0
8,144,0
35,233,0
35,120,0
33,221,0
5,169,0
28,451,1
7,460,1
9,147,0
8,138,1
12,386,1
34,109,0
33,129,0
23,343,1
24,373,0
35,187,0
22,343,0
27,480,0
35,428,0
1,114,0
35,103,0
14,290,1
3,267,1
1,108,0
5,208,0
26,236,0
14,253,0
27,487,0
9,308,0
15,371,0
15,242,0
26,198,0
13,476,0
32,407,0
32,168,0
4,346,1
30,360,0
23,375,0
15,178,0
29,245,0
36,210,0
13,357,0
32,192,0
7,112,1
22,359,0
28,208,0
2,429,1
6,288,0
28,194,0
28,204,0
20,107,0
30,166,0
11,290,0
28,465,0
25,355,0
33,108,0
1,216,0
27,366,0
13,198,0
3,397,1
6,496,1
8,263,0
27,475,1
9,240,1
33,367,0
24,136,0
15,173,0
32,172,0
32,407,0
24,298,1
12,229,0
2,345,1
3,411,0
17,159,0
2,378,1
2,202,0
28,395,0
23,419,0
32,440,0
33,250,0
1,256,1
19,305,1
2,278,1
26,296,0
32,322,0
6,188,0
32,386,0
4,375,0
11,335,0
17,282,0
24,308,0
5,229,1
34,252,0
6,112,0
22,221,0
11,458,1
16,319,0
33,205,0
9,474,1
6,169,0
16,294,0
29,285,0
3,198,1
20,181,0
36,174,0
19,473,0
26,439,0
3,291,1
19,424,1
20,313,0
32,414,0
7,481,0
33,466,0
18,417,0
1,243,1
11,483,1
28,315,0
25,460,0
23,423,1
31,114,0
30,316,0
35,134,0
7,282,1
16,369,0
26,457,1
2,199,0
1,106,0
12,129,0
5,404,1
32,243,0
9,210,0
35,331,0
19,278,0
16,171,0
3,309,1
20,319,0
24,179,0
33,182,0
24,141,0
11,372,1
8,290,0
36,272,0
20,106,0
35,254,0
25,109,0
35,133,0
25,135,0
29,105,0
18,314,0
18,233,0
2,384,0
35,225,0
16,436,0
36,273,0
33,251,0
4,430,1
33,125,0
14,482,0
21,214,0
20,481,0
8,383,1
7,486,1
3,174,0
17,265,0
33,288,0
12,177,0
22,189,0
22,275,0
30,120,0
8,153,0
27,283,0
27,458,0
34,321,0
21,414,0
30,427,0
33,278,0
28,375,0
33,211,0
5,323,1
19,313,0
4,158,1
35,426,0
17,492,1
28,208,0
30,484,1
29,256,0
6,290,0
35,299,0
24,411,0
29,295,0
31,134,0
35,478,0
33,486,0
21,345,0
32,336,0
23,203,0
33,106,0
3,382,1
18,100,0
25,318,0
31,329,0
3,271,0
24,186,0
32,140,0
22,222,0
23,430,0
2,397,1
27,472,0
2,277,1
26,162,0
17,264,0
33,286,0
9,482,0
29,308,0
26,326,0
35,488,0
25,147,0
24,323,0
13,102,0
7,471,1
36,274,0
20,198,0
1,215,1
8,369,1
16,467,1
14,352,0
12,416,0
23,194,0
15,372,0
28,479,0
34,123,0
2,215,1
32,250,0
23,437,1
22,149,0
25,305,1
22,434,0
22,178,0
6,169,0
15,126,0
33,370,0
8,149,0
5,391,0
4,346,1
6,363,1
32,178,0
30,486,0
35,289,0
16,146,0
13,460,1
30,453,0
19,451,0
17,288,0
19,355,0
28,321,0
26,471,1
26,340,0
23,368,0
9,100,0
12,133,0
1,178,0
1,335,0
34,433,0
32,476,0
25,448,0
1,197,0
16,181,0
5,291,0
22,352,0
29,137,0
3,113,0
12,491,0
26,446,0
16,409,1
22,485,1
29,308,0
14,456,1
28,188,0
5,155,0
30,193,0
5,192,0
12,439,1
16,184,0
26,344,0
26,121,0
21,390,0
36,371,0
33,405,0
30,221,0
23,227,0
10,212,0
5,372,0
36,435,0
34,229,0
31,231,0
10,184,0
19,449,0
32,489,0
1,180,0
5,424,1
4,168,1
16,247,0
24,115,0
16,406,0
2,204,1
28,264,0
32,300,0
27,296,0
20,284,0
24,421,0
12,364,0
35,462,0
33,199,0
33,441,0
12,419,0
3,313,1
1,377,1
33,261,0
10,256,0
29,350,0
13,465,1
12,196,0
31,117,0
2,426,1
35,482,1
23,196,1
17,100,0
26,315,0
8,231,0
29,359,0
26,224,0
10,181,0
26,382,0
34,270,0
7,158,0
4,131,0
11,260,0
29,383,1
36,205,0
25,204,0
21,327,0
36,287,0
10,169,0
9,417,1
24,389,0
35,186,0
35,469,0
36,461,1
18,155,0
32,212,0
24,112,0
23,117,0
32,281,0
12,212,0
13,328,0
23,270,0
25,394,0
35,288,0
30,178,0
17,245,0
20,281,0
25,385,0
22,349,0
13,453,1
19,413,0
36,295,0
12,422,1
19,170,0
12,347,0
9,245,0
7,205,0
28,362,1
14,395,1
31,169,0
19,292,1
16,167,0
5,404,1
35,151,0
12,469,0
25,462,0
21,384,1
36,433,0
23,108,0
16,350,0
14,431,0
31,397,0
5,283,0
35,278,0
23,297,0
29,227,0
11,119,0
18,427,0
12,164,0
9,281,1
10,340,1
17,468,1
7,123,0
13,483,0
9,182,0
27,418,0
2,284,1
5,415,1
29,198,0
19,161,0
8,385,1
1,121,0
22,311,0
17,225,0
7,141,0
25,197,0
4,130,0
36,257,0
6,211,1
31,346,0
19,221,0
27,372,0
10,393,0
26,497,1
19,306,0
3,209,1
13,377,0
28,155,0
20,474,1
28,156,0
8,390,1
1,213,0
3,480,1
13,484,1
28,407,0
25,440,1
33,297,0
6,420,1
32,278,0
21,484,0
16,318,0
21,376,0
11,115,0
36,478,0
35,160,0
19,153,0
20,267,0
18,125,0
14,435,1
15,164,0
31,199,0
1,173,1
3,291,1
16,270,0
23,372,0
11,476,1
12,286,0
10,122,0
32,490,0
16,280,0
8,426,1
12,207,0
24,434,1
28,261,0
8,401,1
28,305,0
36,177,0
26,115,0
8,426,1
28,195,0
28,246,0
36,101,0
27,109,0
17,224,0
9,180,1
33,239,0
20,425,0
13,249,0
28,387,1
29,460,0
13,439,1
35,228,0
6,338,1
18,157,0
5,297,1
25,310,0
2,489,1
10,144,0
30,196,0
5,378,1
33,122,0
1,490,1
18,434,0
32,143,0
11,126,0
21,381,0
26,196,0
25,135,0
22,208,0
27,154,0
13,291,0
33,318,0
34,284,0
35,168,0
1,416,1
21,229,0
6,154,0
28,477,0
17,196,0
5,435,1
31,186,0
5,393,0
3,218,0
23,307,0
10,433,0
10,253,0
19,134,0
17,178,0
21,166,0
14,442,0
9,133,0
1,196,0
13,268,0
4,268,0
1,250,0
32,170,0
34,102,0
28,413,0
31,131,0
8,386,1
26,181,0
34,142,0
3,490,1
12,204,0
1,100,0
5,160,0
30,369,0
30,279,0
17,323,0
23,105,0
15,202,0
21,109,0
14,170,1
2,189,0
11,325,1
34,257,0
34,327,0
18,225,0
30,308,1
15,196,0
27,173,0
34,214,0
33,290,0
24,269,0
15,406,0
30,303,0
17,155,0
5,307,0
29,140,0
4,131,0
10,114,0
17,161,0
10,254,0
17,383,0
20,308,0
24,419,0
5,286,0
34,229,0
6,226,0
2,391,1
13,213,0
11,298,0
23,112,0
16,370,1
31,188,0
11,314,0
16,377,1
8,302,0
4,173,0
4,124,0
25,200,0
3,275,0
32,216,0
3,265,1
27,140,0
29,443,0
32,465,0
19,219,0
21,196,0
5,244,0
18,315,1
28,328,0
22,412,0
21,229,0
6,451,1
1,476,1
5,417,1
12,236,0
26,423,0
34,436,0
14,372,0
26,216,0
27,405,0
9,467,1
26,193,0
22,267,0
30,302,0
17,440,1
26,248,0
36,282,0
1,251,1
8,173,0
35,464,0
15,500,1
22,373,0
14,141,0
26,311,0
28,200,0
23,144,0
14,181,0
24,116,0
2,172,1
26,113,0
14,256,0
7,322,1
3,231,1
23,437,0
18,475,0
35,475,0
15,146,0
25,206,0
28,207,0
10,364,0
17,304,0
22,178,0
26,254,1
25,370,0
17,346,1
13,118,0
20,445,0
25,125,0
4,316,0
10,253,0
3,253,0
18,273,0
36,191,0
22,437,0
34,280,0
8,230,0
19,397,0
6,374,1
26,372,0
34,175,0
6,276,0
33,283,0
22,418,0
21,230,0
6,462,1
6,148,0
4,154,0
30,253,0
11,454,1
30,299,0
31,407,0
24,455,1
9,472,1
3,217,0
31,362,0
36,145,0
24,401,0
31,455,0
6,499,1
2,288,1
20,409,0
28,417,0
11,228,0
4,148,0
15,124,1
6,365,1
30,217,0
2,243,1
15,299,0
11,256,0
8,447,0
26,233,0
5,499,1
6,247,1
26,435,0
4,170,0
19,332,1
20,433,1
33,398,0
20,253,1
12,189,0
1,433,1
26,298,0
14,260,0
11,125,0
36,220,0
13,400,1
3,311,1
33,162,0
6,167,1
10,352,1
5,101,0
23,497,0
10,207,0
2,385,1
13,148,0
2,239,0
20,317,0
1,143,0
9,368,1
17,177,0
9,315,0
11,481,1
15,197,0
24,335,0
35,381,1
30,248,0
31,403,0
5,165,0
14,333,0
11,186,0
9,178,1
34,304,0
12,378,0
35,436,0
35,353,0
1,403,1
22,479,0
29,229,0
8,183,0
11,375,0
14,286,0
30,145,0
35,486,0
21,282,0
5,367,0
19,395,0
14,421,0
26,199,0
4,177,0
25,371,0
25,438,0
18,261,1
8,143,0
14,337,0
32,233,0
33,291,0
23,455,0
15,377,1
33,117,0
25,111,0
17,279,0
33,222,1
2,345,1
14,321,0
6,472,1
6,150,0
3,170,0
7,147,0
8,118,0
15,361,0
29,183,0
33,254,0
30,152,0
27,206,0
36,456,0
29,403,0
33,234,0
27,168,0
33,110,0
4,242,1
22,291,1
2,486,1
10,477,1
5,168,0
10,122,0
33,280,0
13,392,0
31,108,0
36,370,0
24,486,0
15,192,1
29,116,0
8,253,1
5,427,0
29,248,0
4,476,1
12,366,0
2,427,1
27,205,0
31,480,0
36,134,0
36,218,0
26,113,0
27,113,0
5,365,1
20,239,0
11,393,1
10,463,1
6,218,0
8,337,0
23,133,0
26,268,0
12,109,0
26,221,0
13,500,0
18,244,0
25,322,0
33,470,0
12,356,0
36,367,0
4,458,1
5,103,0
8,496,1
28,453,0
31,205,0
9,184,0
29,313,0
14,220,1
22,231,0
11,437,1
23,296,0
1,118,0
21,229,0
26,111,0
36,180,0
23,429,0
1,453,1
15,361,0
21,491,1
9,224,1
9,406,1
10,366,1
26,482,0
35,239,0
25,428,0
26,101,0
11,107,0
2,349,0
7,238,0
18,223,0
27,408,0
34,327,0
27,109,0
17,311,0
24,211,0
25,107,0
7,391,0
6,461,1
24,352,1
33,113,0
29,339,0
22,341,0
26,441,0
28,248,0
21,335,1
7,405,1
17,266,0
20,119,0
20,315,0
22,442,0
28,234,0
7,492,1
1,228,1
32,393,0
13,345,0
30,288,0
23,143,0
19,185,0
32,143,0
30,429,0
29,474,0
29,477,0
30,489,0
16,244,0
19,150,0
18,341,0
1,393,1
14,150,0
2,365,1
28,219,0
30,299,0
4,347,0
1,169,0
8,440,1
29,156,0
3,481,1
32,138,0
10,388,1
10,117,0
19,319,1
34,412,0
33,343,0
23,451,0
28,403,0
32,397,0
7,382,1
29,173,0
8,209,0
1,279,0
3,131,1
24,333,0
23,381,0
8,124,1
3,430,0
33,378,0
28,325,0
8,156,0
34,279,1
35,331,0
32,481,0
24,442,1
14,386,0
32,163,0
16,331,0
4,388,0
21,312,0
14,357,1
31,117,0
18,274,0
7,328,1
10,325,0
7,183,0
33,390,0
23,469,1
21,345,0
19,209,0
19,353,0
36,187,0
29,171,0
18,480,1
2,129,0
1,271,1
5,408,1
20,493,0
11,442,1
2,276,0
3,238,0
23,293,0
12,285,0
20,317,0
5,263,1
30,260,0
9,112,0
34,395,0
35,188,0
22,423,0
24,141,0
17,309,0
10,328,0
30,449,0
23,374,0
32,378,0
17,350,0
17,409,1
14,307,0
9,420,1
2,239,0
25,379,1
9,133,0
22,408,0
4,491,1
26,117,0
29,156,0
34,211,0
23,104,0
11,281,0
6,112,0
18,438,0
21,384,1
36,358,0
34,189,0
17,203,0
25,478,0
12,285,0
23,349,0
22,354,0
21,175,0
27,485,0
31,207,0
6,255,0
27,181,0
34,176,0
12,357,1
7,226,1
10,490,1
17,381,0
26,187,0
21,303,1
28,115,0
2,250,1
1,353,1
36,287,0
26,428,0
29,131,0
21,370,0
11,496,1
11,104,0
36,429,0
35,407,0
34,432,0
24,268,0
22,280,0
5,465,1
33,277,0
36,242,0
20,461,1
19,347,0
35,226,0
17,362,1
34,139,0
9,454,1
26,354,0
2,242,0
9,339,1
9,327,0
17,440,0
1,297,1
25,164,0
25,487,1
35,110,0
3,207,0
30,125,0
34,250,0
12,320,0
19,440,0
17,336,0
10,336,1
12,318,0
16,250,0
24,222,0
19,243,0
8,288,0
31,354,0
21,167,0
17,203,0
23,435,0
16,258,0
6,408,1
8,461,1
25,399,0
18,495,1
25,189,0
12,456,0
15,355,0
26,452,0
26,319,0
32,108,0
10,111,0
16,424,1
7,343,1
17,281,1
23,383,0
26,411,0
21,198,0
22,296,0
7,465,1
14,325,0
15,432,1
7,202,0
9,205,0
8,464,1
23,467,1
29,157,0
18,177,1
31,174,0
30,141,0
35,423,0
18,280,0
17,132,0
14,170,0
31,155,0
24,204,0
35,299,0
34,200,0
3,355,1
26,406,0
23,173,0
15,270,1
4,476,1
29,242,0
22,265,0
25,498,0
13,360,0
18,320,0
33,182,0
16,281,0
2,406,1
35,109,0
34,495,0
30,103,0
13,450,0
13,435,0
18,391,1
32,380,0
32,314,0
35,197,0
29,200,0
29,108,0
16,160,0
10,408,0
30,245,0
25,162,0
20,220,0
5,325,1
1,204,0
30,359,0
3,448,1
14,354,0
30,306,1
4,127,0
18,269,0
25,435,1
1,175,0
15,215,0
9,168,0
15,453,1
24,333,0
4,100,0
12,266,0
6,451,1
24,317,0
11,372,0
13,467,1
34,350,0
25,446,0
7,443,0
4,273,1
8,269,0
20,345,1
29,189,0
10,148,0
34,393,0
26,249,0
3,231,1
6,158,0
5,423,1
5,298,1
23,314,1
9,485,1
35,148,0
20,331,0
35,346,0
18,481,1
17,338,0
24,466,0
3,267,0
32,147,0
35,150,0
13,398,0
25,197,0
9,315,1
4,276,1
14,479,0
34,179,0
11,284,0
3,466,1
28,498,0
29,126,0
9,294,0
3,313,0
25,468,0
34,441,0
12,213,0
9,341,1
15,223,0
25,404,0
5,175,0
11,410,1
34,411,0
24,295,0
15,450,1
8,143,0
5,285,0
26,442,0
18,345,0
6,183,0
13,306,0
28,250,0
5,255,1
13,115,1
17,264,0
32,244,0
29,136,0
3,432,1
34,144,0
27,305,0
13,161,1
33,455,0
6,407,0
24,118,0
19,464,1
16,399,1
28,106,0
33,348,0
13,216,0
25,167,0
36,133,0
27,293,0
7,424,0
5,154,1
31,365,0
23,141,0
10,396,1
32,330,0
30,477,0
31,493,0
18,109,0
36,457,0
2,227,0
14,278,0
13,491,0
29,292,0
12,191,0
2,468,1
32,330,0
13,177,0
27,184,0
17,129,0
31,312,0
34,148,0
24,364,0
35,244,0
6,168,0
19,157,0
30,284,0
7,161,0
10,407,1
32,395,0
34,265,0
28,270,0
15,162,0
30,246,0
29,405,0
22,260,0
4,240,1
20,433,0
32,196,0
36,320,0
4,142,1
27,391,0
17,477,0
12,207,0
22,365,0
17,194,0
10,361,0
1,412,1
22,484,1
26,170,0
18,318,0
14,120,0
29,191,0
12,226,0
36,179,0
35,411,0
12,337,1
7,471,1
29,281,0
11,124,0
33,255,0
6,104,0
15,219,0
32,376,0
11,117,0
23,297,0
26,156,0
34,192,0
34,118,0
29,483,0
4,452,1
17,292,0
35,336,0
13,486,1
15,376,1
29,326,0
29,332,0
11,139,0
32,422,0
2,252,1
14,226,0
20,336,0
22,154,0
11,271,0
27,208,0
3,453,1
17,283,1
28,467,0
29,297,0
21,470,1
16,472,1
20,186,0
6,300,1
19,436,1
5,421,1
3,374,1
1,310,1
15,490,1
34,217,0
35,290,0
25,141,0
24,141,0
12,414,1
18,375,0
15,428,1
16,116,0
27,382,0
8,357,1
25,162,0
17,161,0
29,199,0
8,118,0
15,116,0
27,424,0
7,472,1
3,345,1
29,350,0
24,180,1
3,138,0
20,135,0
15,487,0
25,296,0
30,257,0
14,303,0
7,295,1
17,315,0
20,384,1
36,295,0
9,406,1
22,251,0
2,113,0
24,424,1
8,245,0
11,156,0
13,310,0
17,367,0
8,309,1
21,116,0
18,385,0
30,443,0
18,302,0
31,198,0
32,378,0
11,308,0
25,228,0
33,434,0
8,387,1
11,351,0
22,364,0
24,370,1
17,287,1
12,313,1
32,382,0
15,310,0
16,464,1
22,175,0
28,247,0
20,420,0
33,312,0
10,208,1
32,228,0
33,109,0
2,146,0
33,478,0
33,414,0
13,195,0
30,202,0
33,479,0
13,441,1
26,245,0
22,467,0
2,126,0
26,319,0
15,117,0
34,266,0
11,181,0
3,171,1
6,409,1
9,353,0
6,261,0
9,426,1
31,137,0
32,492,0
12,300,0
8,299,1
8,354,1
28,278,0
20,134,0
7,181,0
11,488,1
20,497,1
16,319,0
4,257,1
6,103,0
22,266,0
26,303,0
3,293,0
14,334,0
11,305,1
18,249,1
12,258,0
23,378,0
12,403,1
13,480,1
25,265,0
19,410,0
36,167,0
8,187,1
29,316,0
32,100,0
18,234,0
6,284,1
18,450,1
19,239,0
22,205,0
32,232,0
3,207,1
28,277,0
10,397,0
35,457,0
29,479,0
15,495,1
33,458,0
7,245,1
12,173,0
30,207,0
21,221,0
31,116,0
24,295,0
20,426,0
4,417,1
28,396,1
20,351,0
24,218,0
32,261,0
36,297,0
34,144,0
36,413,0
2,278,1
15,481,1
34,143,0
36,370,0
6,177,0
12,425,1
3,277,1
18,456,1
21,102,0
15,313,0
33,441,0
35,173,0
26,150,0
8,166,0
36,431,0
30,192,0
23,275,0
14,244,1
14,106,0
2,368,1
5,475,1
14,421,1
25,103,0
20,237,0
2,330,1
6,187,0
17,116,0
25,151,0
28,233,0
2,310,1
35,424,0
5,492,1
1,318,1
12,304,0
36,310,0
23,376,0
31,123,0
11,103,0
10,251,0
3,358,0
14,423,0
16,456,0
10,267,0
29,275,0
10,409,0
12,390,0
30,155,0
1,207,1
5,395,0
20,423,0
8,401,1
12,433,0
1,240,1
20,254,0
28,361,0
12,372,1
28,331,0
15,340,0
6,454,1
20,436,1
14,357,0
2,348,0
9,176,1
20,279,0
26,165,0
29,407,0
1,447,1
35,270,0
6,121,1
5,466,1
33,206,0
14,422,1
12,326,0
20,495,1
24,315,0
34,168,0
25,183,0
29,202,0
31,138,0
23,112,0
20,396,0
23,412,0
16,280,0
8,367,0
21,112,0
1,219,0
8,452,1
29,156,0
32,139,0
5,473,1
22,435,0
34,227,0
1,272,0
26,134,0
10,358,0
30,475,0
18,104,0
17,317,0
26,110,0
8,481,1
12,426,1
27,216,0
8,283,1
25,493,0
4,461,1
33,215,0
1,261,1
19,166,0
31,299,0
16,130,0
14,174,0
5,336,1
26,426,0
28,165,0
2,169,0
6,396,0
9,119,0
33,325,0
25,495,0
13,298,0
9,138,0
13,244,0
31,144,0
11,494,1
4,425,1
34,480,0
4,190,0
19,337,0
6,169,0
34,265,0
18,229,0
13,313,0
23,439,1
19,188,0
11,434,1
1,351,0
24,468,1
7,448,1
25,171,0
21,264,0
15,148,0
1,151,0
12,388,0
7,377,1
15,213,0
21,338,1
19,232,0
29,373,0
25,265,0
33,473,1
32,472,0
35,392,0
26,342,0
11,419,0
35,237,0
8,178,0
14,269,0
10,222,0
2,275,0
9,399,1
3,181,0
21,186,0
26,324,0
8,115,0
2,409,1
6,457,1
28,262,0
29,197,0
26,255,0
25,101,0
12,449,0
5,496,1
34,268,0
15,414,1
36,424,0
15,474,1
23,191,0
6,280,1
21,330,0
23,400,0
16,247,0
15,379,1
25,288,0
36,446,0
11,449,0
15,413,0
4,227,0
21,106,0
13,146,1
22,152,0
19,286,0
34,137,0
14,325,0
4,152,1
27,498,1
29,323,0
28,253,1
35,147,0
8,450,0
16,246,0
36,492,0
30,163,0
18,448,0
2,281,0
13,224,0
4,278,1
26,138,0
25,359,0
30,481,0
11,102,0
7,163,0
31,128,0
10,471,0
13,110,0
31,196,0
7,457,1
36,302,0
20,120,0
4,138,1
7,322,0
1,201,1
13,145,0
22,165,0
21,190,0
22,263,0
28,210,0
9,437,1
26,222,0
9,292,0
15,198,0
10,390,1
24,258,0
8,202,0
24,484,0
16,380,0
26,142,0
27,183,0
4,290,0
24,150,0
19,485,1
36,309,0
10,225,1
25,168,1
18,364,0
19,357,0
36,287,0
10,329,0
33,288,0
5,109,0
35,213,0
34,175,0
33,263,0
21,184,0
17,148,0
22,425,0
15,276,0
35,486,0
28,488,0
7,317,0
32,288,0
11,445,1
10,329,0
9,354,0
14,335,1
13,125,0
25,171,0
2,360,1
35,353,0
7,370,1
21,222,0
18,243,0
3,356,0
11,243,0
24,358,0
19,146,0
4,450,0
26,112,0
32,475,0
36,307,0
33,410,0
36,334,0
3,248,0
9,421,1
8,254,1
33,265,0
6,189,0
4,285,1
13,417,0
2,457,1
5,273,0
27,316,0
32,494,0
21,363,0
8,196,0
8,216,0
3,298,1
3,419,1
22,120,0
6,299,0
2,470,1
23,440,0
2,347,1
17,375,0
35,363,0
34,157,0
23,401,1
30,130,0
8,348,1
22,192,0
36,364,0
5,370,1
13,193,0
29,253,0
31,493,0
16,384,0
30,179,0
16,391,1
12,183,1
17,464,0
16,473,1
12,136,0
8,441,1
20,426,1
3,331,0
16,192,0
30,435,1
23,201,0
28,265,1
5,258,1
20,113,0
1,472,1
30,324,0
21,172,0
20,348,0
6,190,1
22,315,1
18,189,0
8,128,0
32,404,0
33,319,0
16,427,0
12,314,0
34,320,0
14,488,1
36,141,0
33,234,0
23,141,0
2,263,1
21,460,0
2,382,0
27,157,0
9,401,1
1,421,1
11,124,0
3,172,1
23,472,0
26,228,0
4,186,0
18,429,1
6,252,0
35,281,0
22,224,0
15,166,0
22,105,0
12,224,0
18,413,0
35,425,0
30,152,0
24,165,0
30,413,0
14,181,0
6,186,0
3,101,0
16,303,1
7,249,1
14,392,0
9,202,0
15,123,0
21,467,0
35,311,1
2,164,1
27,308,0
2,350,0
35,484,0
18,216,0
14,215,0
20,336,0
18,204,0
10,358,0
25,145,0
2,410,1
25,430,0
33,315,0
36,400,0
31,432,0
14,123,0
1,134,0
16,123,0
3,127,0
35,115,0
6,158,1
25,342,0
13,306,1
34,499,0
8,370,0
21,348,0
34,366,0
4,292,1
25,434,0
15,317,0
4,214,0
12,167,0
32,398,0
32,424,0
28,496,0
13,493,1
31,174,0
14,202,0
20,396,1
18,277,0
29,314,0
6,414,1
32,138,0
29,358,0
2,303,1
23,106,0
19,148,0
31,125,0
5,260,1
19,456,0
34,275,0
10,178,0
25,101,0
2,482,1
11,231,0
31,375,0
15,216,0
9,263,0
23,387,0
19,127,0
9,432,0
35,100,0
21,287,0
9,155,0
28,134,0
7,211,0
16,385,0
16,409,0
33,135,0
4,316,1
4,179,0
17,413,0
29,182,0
36,164,0
35,424,0
7,227,0
27,406,0
28,121,0
22,315,0
14,206,0
7,208,1
22,471,1
5,456,1
2,280,0
27,455,0
21,263,1
15,167,0
21,391,0
10,279,1
23,280,0
5,268,0
1,121,0
13,165,0
21,120,0
26,199,0
21,483,0
18,399,0
32,202,0
36,146,0
17,138,0
35,384,0
11,409,1
21,189,0
26,184,0
4,372,1
34,435,0
18,287,0
35,258,0
29,342,0
29,172,0
21,148,0
13,200,0
17,101,0
9,343,1
1,275,1
2,337,1
29,497,0
33,158,0
10,452,1
21,198,0
28,458,0
11,101,0
34,342,0
8,396,1
22,310,0
8,222,0
15,328,0
17,181,1
23,243,0
24,487,0
19,239,0
5,128,0
32,490,0
1,369,1
23,346,0
8,111,0
13,454,0
8,488,1
23,436,0
1,205,1
24,131,0
35,173,0
24,270,0
17,436,0
5,168,0
20,400,0
21,461,0
31,236,0
36,199,0
11,245,0
15,108,0
19,161,0
7,284,0
28,128,0
5,480,1
5,213,0
30,242,0
32,489,0
8,219,0
10,269,0
32,256,0
28,434,1
17,448,0
31,359,0
8,181,1
25,341,0
9,271,0
2,330,1
15,307,0
3,174,0
36,369,0
4,486,1
14,213,0
25,161,0
10,461,0
21,419,0
36,201,0
12,461,1
27,309,0
2,354,1
13,119,0
32,157,0
31,211,0
16,412,0
32,295,0
32,474,0
34,452,0
11,191,0
10,151,0
15,392,0
17,107,0
18,399,1
9,197,0
25,335,0
14,488,0
25,473,0
22,168,0
30,144,0
20,236,0
21,333,0
32,131,0
21,388,0
35,225,0
32,166,0
30,129,0
12,213,0
18,303,0
21,128,0
13,230,0
21,284,0
8,352,0
7,385,1
23,492,0
32,485,0
11,161,0
22,102,0
22,167,0
25,124,0
22,278,0
28,240,0
29,330,0
13,399,1
18,262,0
2,410,1
29,492,0
21,229,0
15,345,0
27,396,0
31,271,1
15,163,0
23,130,0
24,146,0
13,229,0
22,451,1
33,432,1
3,209,1
19,168,0
23,157,0
29,205,0
30,399,1
25,429,0
8,355,0
16,411,0
8,270,0
1,482,1
5,261,1
3,385,1
1,170,0
4,354,0
35,473,0
32,154,0
34,422,0
25,496,0
10,102,0
21,125,0
27,412,0
27,225,0
2,152,0
13,297,0
9,398,1
36,287,0
22,285,0
26,404,0
12,397,1
17,303,0
14,110,0
14,458,1
34,453,0
20,245,0
11,184,0
16,199,1
31,203,0
6,145,0
19,143,0
4,377,1
4,280,0
20,286,0
10,213,0
24,354,0
35,480,1
26,479,0
21,129,0
21,363,1
10,197,0
4,412,1
20,466,1
17,428,1
7,214,0
4,375,1
29,380,0
14,374,0
3,360,1
24,430,0
16,306,0
4,483,1
24,427,0
34,310,0
30,314,0
18,139,0
19,125,0
31,126,0
19,289,0
19,182,0
22,483,0
24,269,1
12,266,0
30,287,0
31,268,0
36,388,0
19,328,0
36,196,0
30,466,0
33,115,0
18,378,0
28,234,0
11,125,0
33,451,0
17,111,0
6,171,0
4,232,1
20,205,0
27,319,0
15,472,0
6,276,0
14,381,1
11,232,1
9,121,0
26,368,0
16,260,0
5,206,0
10,378,1
3,452,1
13,334,0
30,117,0
6,341,0
17,216,0
19,385,0
35,381,0
26,243,0
5,304,0
29,138,0
20,253,0
21,275,0
10,340,0
5,485,1
36,468,0
6,233,0
26,145,0
4,149,0
35,265,0
1,205,1
24,315,0
36,245,0
6,171,0
31,429,1
20,372,0
24,346,0
25,285,0
36,169,0
21,249,0
30,345,0
24,361,0
30,125,0
22,239,0
28,198,0
7,497,1
35,377,0
28,150,0
14,250,0
10,203,1
16,188,0
16,240,0
31,312,0
25,332,0
13,493,1
6,282,1
9,350,1
36,108,0
20,178,0
18,151,0
21,485,0
4,368,1
33,325,0
27,150,0
7,285,1
6,133,0
15,390,1
18,329,0
32,230,0
11,219,0
20,425,0
24,346,0
15,291,1
7,422,1
21,309,0
26,202,0
14,428,1
21,471,0
18,232,1
5,422,0
3,238,1
23,220,0
26,193,0
24,228,0
19,190,0
25,191,0
21,162,0
12,128,0
33,309,0
4,111,1
7,432,1
22,396,1
33,229,0
17,392,0
24,272,0
34,307,0
28,123,0
22,198,0
17,455,0
34,238,0
6,413,1
6,273,0
34,128,0
1,242,1
10,415,1
21,450,0
5,141,0
2,398,1
22,307,0
2,429,1
10,291,0
34,259,0
16,163,0
22,342,0
12,357,0
24,251,0
10,314,0
35,421,0
32,265,0
7,130,0
21,470,0
20,331,0
26,381,1
4,128,1
22,294,0
15,433,1
21,355,0
15,380,0
22,403,1
28,420,1
14,422,0
27,445,0
28,492,0
26,393,0
2,186,1
25,248,0
3,348,1
8,420,1
33,382,0
35,461,0
6,478,1
23,297,0
25,143,0
19,455,0
5,127,1
11,116,0
12,226,1
10,478,0
8,267,1
24,343,0
28,486,0
36,175,0
21,330,0
8,303,0
9,347,0
15,401,0
18,313,1
20,314,0
6,257,1
12,168,0
2,492,1
7,184,1
16,366,1
3,168,1
3,198,0
27,446,0
33,315,0
28,260,0
1,193,0
8,273,0
32,264,0
4,214,0
30,319,0
6,130,1
19,110,0
32,442,0
9,476,1
12,229,1
11,204,1
16,126,0
1,326,1
21,101,0
30,458,1
13,200,1
34,120,0
4,157,0
28,488,0
31,279,0
27,440,0
5,448,1
25,119,0
3,354,0
33,416,0
4,137,0
25,247,0
20,124,0
34,485,0
26,220,0
5,125,0
35,268,0
28,422,1
29,324,0
9,100,0
6,406,0
19,360,0
11,112,0
2,495,1
9,147,0
21,412,1
24,470,0
34,390,0
22,431,0
3,193,0
12,360,1
28,377,0
30,458,0
26,304,0
21,284,0
28,274,0
26,486,0
33,479,0
21,408,1
35,168,0
34,203,0
18,345,0
11,260,1
23,299,0
22,315,0
17,311,0
5,115,0
11,471,0
30,431,0
15,304,0
27,464,0
35,138,0
33,188,0
20,355,0
16,353,1
34,315,0
2,467,1
35,402,0
28,271,0
6,236,0
9,483,1
20,277,0
1,176,1
8,287,0
23,114,0
3,391,1
4,418,1
25,424,0
15,313,1
21,307,0
35,268,0
14,429,1
36,379,0
12,404,1
17,245,0
9,362,1
35,103,0
13,189,0
15,159,0
18,410,0
33,115,0
6,326,1
27,128,0
23,250,0
27,344,0
34,369,0
14,178,0
36,388,0
8,252,0
35,376,0
19,500,0
30,378,0
14,156,0
20,285,0
25,497,0
24,192,0
14,375,1
26,257,0
23,374,1
22,280,0
19,458,1
3,176,0
19,250,0
9,337,1
28,388,0
20,330,0
7,117,0
14,172,0
9,288,0
19,116,0
14,118,0
36,318,0
17,425,1
30,219,0
9,200,0
33,133,0
25,183,0
14,295,0
11,429,0
35,301,0
14,443,1
30,440,0
4,110,0
4,446,1
28,499,0
8,317,0
2,352,0
22,321,0
16,482,1
29,468,0
30,179,0
12,106,0
35,371,0
11,326,0
21,115,0
21,111,0
5,390,1
20,340,0
3,120,0
33,277,0
9,327,0
9,372,1
4,387,1
35,396,0
17,233,0
34,382,0
24,252,0
32,165,0
1,236,0
8,191,0
23,416,0
12,358,0
12,202,0
15,154,0
19,356,1
26,200,0
29,297,0
22,400,0
21,325,0
20,336,0
29,125,0
4,220,1
7,497,1
28,281,0
28,298,0
4,401,1
22,354,0
12,221,0
3,130,0
22,414,0
2,384,1
24,205,0
34,323,0
27,372,0
1,497,1
8,331,1
23,355,0
6,123,0
22,208,1
25,290,0
18,446,0
17,124,0
12,286,1
6,387,0
26,215,0
27,437,0
8,465,1
19,136,0
1,381,1
29,236,0
35,326,0
14,419,1
35,427,0
20,281,0
13,461,0
8,185,0
20,152,0
33,447,0
26,454,0
21,334,0
9,366,0
24,386,0
17,199,0
24,186,0
21,495,1
13,114,0
11,200,0
19,264,0
11,128,0
13,213,0
1,206,0
19,463,0
12,229,0
8,183,1
8,370,1
12,343,1
33,487,1
26,313,0
28,405,0
5,265,0
8,378,1
25,158,0
27,189,0
23,470,0
30,430,0
23,293,0
20,222,0
18,235,0
18,238,0
2,328,1
4,373,1
30,149,0
33,497,0
36,217,0
18,301,0
19,492,1
28,494,0
20,290,0
33,463,0
12,422,1
15,280,1
2,177,0
29,174,0
10,394,1
2,380,1
11,120,0
13,493,1
10,270,0
14,114,0
18,310,0
9,147,1
28,185,0
3,248,1
20,287,0
6,471,1
27,405,0
2,250,0
29,240,0
3,168,0
16,359,0
30,433,0
2,108,0
17,220,0
12,470,0
35,200,0
1,248,1
15,245,0
26,452,1
21,342,1
31,340,0
25,436,0
23,142,1
24,194,0
28,325,0
21,105,0
18,313,0
36,305,0
35,166,0
9,495,0
30,199,0
34,111,0
32,336,0
3,421,1
3,357,1
28,498,0
15,436,1
23,234,0
11,321,0
32,255,0
36,241,0
33,257,0
24,425,0
34,470,0
28,443,0
7,361,1
4,382,1
1,437,1
1,443,1
20,328,0
19,475,1
29,379,0
10,457,1
18,389,0
28,267,0
35,146,0
31,302,0
27,313,0
11,345,1
5,123,0
8,420,1
34,373,0
12,143,0
1,431,0
31,412,0
4,462,1
5,255,1
30,479,0
24,298,0
3,261,0
11,494,1
4,333,1
26,262,0
27,215,0
27,192,0
6,141,0
15,383,0
30,478,0
35,309,0
23,305,0
6,319,0
4,379,0
18,235,0
9,205,0
29,217,0
13,336,1
17,408,0
32,487,0
22,199,0
4,360,1
5,404,0
13,453,1
34,385,0
22,427,1
23,202,0
3,162,0
34,274,0
32,381,0
21,392,1
21,325,0
11,106,0
4,226,0
1,191,1
28,289,0
24,458,0
35,152,0
13,341,1
34,231,0
11,463,0
36,211,0
17,106,0
35,329,0
18,255,0
22,296,0
24,422,0
19,463,0
21,322,0
8,466,1
28,349,0
5,182,0
17,339,0
36,479,0
19,494,1
27,459,1
34,422,0
11,362,0
12,288,0
21,465,0
11,389,1
28,461,0
5,157,1
17,108,0
20,403,0
12,214,1
6,309,0
17,140,0
19,403,0
26,272,0
32,333,0
6,380,1
36,471,0
11,177,0
33,207,0
24,380,0
23,138,0
15,218,0
27,434,0
11,435,1
17,126,0
14,203,0
27,173,0
18,290,0
28,423,0
4,246,1
7,354,1
35,383,0
9,312,0
8,222,0
17,305,0
17,339,0
33,493,0
32,438,0
8,385,0
19,121,0
3,358,1
5,456,1
13,204,0
31,357,0
16,303,1
32,409,0
22,361,1
29,206,0
22,350,1
3,320,0
10,478,1
21,321,0
16,357,0
12,300,0
2,466,1
24,357,0
35,448,0
30,324,1
30,301,0
35,325,0
19,335,0
8,282,0
26,299,0
7,456,1
30,345,0
7,452,1
3,210,1
1,105,1
36,335,0
25,226,0
1,203,0
15,336,0
13,254,0
8,356,1
5,334,1
9,388,1
1,139,1
36,387,0
35,296,0
2,372,1
23,481,1
9,363,1
34,156,0
14,397,1
4,197,0
30,236,0
31,475,0
11,186,0
35,341,0
8,298,1
3,409,1
14,183,0
13,341,0
32,380,0
34,422,0
19,351,0
16,289,0
2,251,0
17,401,0
34,377,0
16,238,0
2,275,1
2,107,0
26,394,0
13,334,0
31,262,0
34,148,0
3,401,1
8,137,0
23,235,0
14,409,0
27,318,0
29,447,0
1,395,1
17,133,0
30,451,0
13,178,0
21,335,1
19,482,0
19,372,0
25,260,0
22,274,0
31,465,0
17,407,1
23,473,0
32,320,0
10,108,0
10,388,0
36,212,0
8,304,1
20,285,0
32,440,0
14,296,0
28,365,0
24,361,0
15,347,0
22,214,0
30,220,0
4,240,1
13,164,0
23,375,0
8,412,0
18,338,1
12,401,1
31,491,0
14,109,0
34,468,0
18,332,0
34,294,0
11,494,1
12,111,0
15,493,1
31,276,0
29,276,0
26,316,1
18,110,0
32,217,0
22,263,0
17,138,0
23,152,0
24,317,0
8,305,1
6,411,1
5,459,0
29,484,0
28,155,0
11,217,1
1,487,1
19,352,0
9,385,0
27,367,0
34,390,1
4,432,0
36,279,0
18,457,1
15,334,0
13,442,0
19,295,0
6,407,1
12,179,0
17,234,0
23,121,0
26,430,1
29,324,0
33,157,0
27,192,0
25,291,0
10,202,0
23,495,0
21,106,0
21,227,0
13,154,0
33,330,0
24,461,0
11,161,0
17,339,0
4,189,0
25,331,0
30,332,0
9,453,1
21,432,0
20,474,1
19,391,1
19,444,1
12,251,1
17,244,0
28,229,0
35,240,0
18,192,0
14,213,0
35,383,0
7,242,1
13,322,1
18,331,0
13,132,0
36,375,0
31,269,0
2,239,0
16,456,0
9,300,1
9,122,0
11,323,1
22,467,0
33,369,0
36,446,0
23,252,0
34,432,0
9,184,0
24,208,0
8,130,0
7,328,0
36,339,0
18,477,0
3,462,1
28,409,0
6,488,1
21,240,0
28,255,0
1,398,0
36,444,0
21,470,0
35,198,0
13,146,0
10,426,0
10,166,0
13,161,1
24,208,0
2,266,0
22,136,0
17,218,0
36,185,0
14,481,1
10,491,1
35,151,0
25,190,0
3,388,1
17,436,0
12,397,0
24,303,0
29,467,0
25,337,0
36,481,0
26,254,0
1,339,1
20,235,0
28,461,1
16,480,1
17,468,1
28,163,0
12,222,0
27,353,0
30,213,0
34,119,0
6,115,0
7,244,0
32,307,0
32,118,0
25,475,0
33,491,0
7,265,0
12,137,0
16,280,0
16,448,1
36,204,0
13,199,0
7,189,0
36,399,0
9,431,0
32,500,0
11,178,1
8,172,0
33,275,0
23,495,0
25,195,0
8,444,1
22,202,0
4,323,1
3,105,0
29,221,0
29,335,0
34,215,0
34,262,0
28,325,0
13,329,1
15,281,0
23,348,0
26,417,0
4,309,0
26,243,0
9,491,0
5,444,1
32,195,0
20,481,0
11,445,1
15,343,0
32,185,0
28,493,0
22,283,0
17,220,0
26,431,0
7,191,0
26,169,0
25,232,0
10,378,1
19,236,0
11,413,1
13,286,1
8,320,1
4,145,0
31,377,0
28,291,0
11,107,0
1,478,1
24,375,0
31,278,0
26,433,0
5,138,0
20,392,0
11,277,0
33,261,0
27,430,0
34,473,0
15,203,0
32,260,0
21,386,0
5,222,0
6,153,0
22,133,0
18,341,0
14,477,1
10,212,0
13,417,1
31,122,0
30,145,0
3,411,1
30,234,0
6,217,0
29,288,0
8,230,0
33,311,0
17,212,0
11,143,0
13,227,0
11,463,1
31,257,0
28,372,0
6,414,1
16,493,1
4,454,1
35,439,0
26,144,0
12,207,0
11,318,1
25,417,0
18,414,0
19,276,1
23,327,0
18,290,1
26,259,0
6,493,1
4,366,1
29,457,0
34,425,0
17,478,0
16,289,0
2,274,0
34,389,0
8,456,0
13,244,0
8,331,1
30,459,0
32,303,0
36,312,0
30,139,0
1,374,1
17,422,0
20,181,0
24,280,0
22,419,1
29,182,0
22,402,0
9,361,1
10,371,1
36,299,0
28,339,0
28,279,0
21,270,0
24,394,0
2,276,0
8,468,1
27,495,0
22,336,1
27,237,0
29,426,0
3,465,1
13,410,1
10,228,0
36,148,0
9,263,0
27,376,0
34,392,0
1,215,0
32,123,0
25,410,1
29,124,0
7,490,1
3,226,0
20,333,0
20,308,0
30,192,0
35,193,0
35,426,0
27,324,0
26,477,0
14,379,0
17,110,0
18,428,0
29,111,0
20,134,0
27,327,0
18,319,1
4,240,1
1,122,1
1,182,1
26,328,0
20,443,0
23,179,0
10,452,1
11,495,0
5,389,1
1,430,1
17,258,0
22,227,0
34,289,0
29,496,0
4,130,1
5,485,1
11,458,1
21,114,0
35,412,0
12,174,1
26,133,0
19,458,1
7,295,1
7,430,1
26,128,0
5,293,0
21,115,0
14,176,0
4,392,0
23,180,0
20,223,0
15,118,0
29,201,0
8,491,0
19,176,0
28,328,0
27,396,0
4,302,1
15,160,0
35,125,0
1,170,0
3,202,0
24,425,1
27,462,0
36,256,0
34,462,0
29,458,0
24,293,0
24,374,0
4,423,1
3,285,1
34,425,0
23,212,0
23,412,0
5,264,0
31,160,0
6,191,1
10,385,0
7,252,0
21,324,0
20,226,0
3,292,1
22,214,0
4,361,1
28,117,0
12,109,0
36,191,0
5,238,1
13,432,0
23,456,0
30,439,0
25,151,0
27,294,0
14,305,0
36,386,0
16,500,1
22,465,0
21,192,0
21,408,1
8,244,0
16,185,0
31,252,0
10,101,0
32,441,0
34,488,0
9,359,1
17,263,0
11,105,0
32,248,0
10,304,0
22,217,0
17,188,0
4,253,0
25,266,0
21,260,0
1,369,1
25,155,0
36,327,0
17,436,0
24,248,0
2,145,0
15,243,1
32,337,0
6,371,0
1,219,1
23,439,1
17,319,0
34,107,0
29,443,1
9,486,0
13,374,0
6,452,1
6,165,0
20,178,0
3,185,0
17,223,0
12,301,0
1,249,1
17,145,0
3,212,0
26,190,0
15,240,0
36,388,0
32,488,0
32,317,0
4,176,1
18,476,1
19,483,1
35,433,0
14,251,0
33,422,0
14,338,1
34,214,0
4,418,1
24,468,0
29,193,0
19,147,0
6,290,0
33,111,0
19,255,0
1,271,1
5,500,1
27,395,0
16,276,0
6,440,1
13,156,0
35,442,0
19,439,0
12,302,1
16,284,0
10,220,1
25,325,0
20,301,0
31,429,0
4,462,1
23,479,0
2,455,1
22,315,0
8,142,0
7,474,0
14,122,0
3,254,0
16,285,0
19,348,0
18,336,0
16,392,1
8,233,1
33,420,0
12,489,0
11,121,1
5,460,1
27,187,0
12,252,0
17,224,1
6,178,0
33,445,0
5,150,1
28,315,0
14,275,0
5,457,1
33,352,0
19,345,0
22,326,0
5,205,0
2,292,1
30,415,0
4,401,1
33,135,0
13,303,1
20,366,1
7,367,1
15,269,0
23,138,0
14,238,0
23,391,0
19,151,0
29,386,1
20,388,0
29,240,0
24,245,0
18,413,0
10,283,0
8,251,0
26,300,0
29,227,0
10,386,1
17,410,1
2,352,0
6,365,0
5,287,1
28,485,0
5,329,0
18,370,0
26,358,0
20,398,1
27,297,0
12,422,0
7,155,0
3,418,1
10,302,0
34,370,0
25,208,0
35,215,0
16,191,0
2,237,1
24,402,1
10,156,0
22,149,0
26,170,0
27,498,0
29,181,0
20,471,0
27,204,0
20,187,0
19,101,1
20,459,0
35,183,0
2,142,0
30,253,0
34,426,0
22,193,0
3,397,1
6,232,0
15,494,1
27,164,0
10,389,0
9,475,1
33,356,0
32,485,0
6,312,1
36,247,0
2,160,1
29,248,0
4,187,1
1,423,1
19,482,1
26,495,1
25,377,0
10,181,0
15,228,0
22,385,0
21,481,0
22,452,0
36,379,0
34,369,0
30,391,0
25,302,0
28,123,0
1,450,1
4,410,0
7,307,0
9,379,1
36,304,0
19,251,0
1,125,1
10,293,0
36,435,0
9,337,0
32,420,0
32,174,0
6,262,1
17,398,0
10,128,0
27,264,0
35,436,0
21,285,0
25,153,0
28,394,0
15,141,0
4,384,1
29,486,0
9,237,1
27,286,0
26,497,1
19,303,0
28,141,0
17,449,0
20,387,1
23,125,0
32,470,0
33,484,0
5,155,0
34,352,0
11,221,1
3,205,0
33,229,0
11,436,1
16,257,0
18,475,0
30,330,0
10,407,0
18,190,0
19,492,0
36,121,0
13,389,0
3,209,0
10,148,0
1,228,0
27,172,0
8,439,1
17,152,0
9,455,1
6,479,1
25,267,0
28,144,0
33,492,0
9,204,1
18,249,0
21,245,1
2,303,1
36,461,0
15,398,1
28,266,0
18,300,0
34,233,0
22,310,1
11,147,0
13,225,0
4,338,1
22,106,1
7,371,1
24,484,0
4,470,1
28,136,0
15,310,0
1,264,1
3,224,0
14,436,0
1,291,1
21,317,0
29,313,0
5,161,0
10,427,1
28,480,1
21,260,0
7,165,0
3,385,1
20,338,0
19,119,0
35,287,0
4,181,1
5,462,1
1,301,1
4,231,0
12,136,0
27,231,0
23,176,0
25,188,0
21,352,1
24,443,0
25,293,0
32,275,0
32,132,0
5,157,0
36,300,0
16,127,0
33,134,0
21,224,0
9,493,1
6,420,1
35,141,0
22,184,0
5,492,1
23,287,0
17,210,0
12,370,1
23,424,0
16,204,0
3,419,1
30,140,0
22,314,0
9,170,1
29,155,0
23,335,0
13,380,0
32,204,0
23,489,0
17,474,1
21,261,0
2,290,0
6,108,0
18,159,0
30,480,0
22,404,1
33,324,0
30,406,0
17,287,1
32,169,0
14,392,0
10,386,0
36,268,0
34,161,0
9,448,0
28,113,0
11,263,0
14,344,0
19,434,0
15,107,0
28,253,0
24,135,0
8,147,0
9,184,0
33,127,0
33,295,0
19,307,0
3,303,1
10,406,1
1,203,0
29,329,0
34,200,0
13,128,0
1,226,0
34,437,0
29,109,0
13,205,0
29,266,0
24,356,1
26,394,0
17,376,1
7,164,0
13,370,1
5,487,1
26,287,0
3,416,1
7,237,0
1,442,1
17,204,0
25,133,0
3,479,1
15,209,0
29,132,0
32,453,0
26,330,0
16,416,0
25,365,0
28,281,0
9,439,1
1,164,0
29,432,0
22,100,0
16,232,1
7,179,0
14,370,1
29,340,0
19,127,0
19,322,0
2,122,0
15,208,1
3,206,1
11,244,1
30,468,0
18,453,0
2,496,1
32,497,1
8,238,0
22,383,0
6,397,1
12,198,0
36,416,0
15,222,0
28,419,0
18,386,0
2,180,1
13,109,0
15,107,0
20,304,0
29,414,0
29,296,0
3,297,1
19,129,0
3,500,1
14,119,0
4,147,1
11,229,0
31,392,0
32,484,0
27,231,0
30,455,0
2,153,0
9,477,0
28,380,1
31,486,0
34,364,0
15,314,1
25,389,0
36,142,0
8,173,0
9,449,1
32,377,0
17,425,0
35,341,0
19,229,0
29,449,0
7,293,1
28,131,0
9,205,0
28,499,0
6,303,1
29,100,0
17,344,0
16,171,0
23,405,1
31,496,0
3,114,1
21,152,0
26,107,0
36,429,0
22,145,0
12,424,0
13,213,0
11,246,0
16,265,0
8,478,1
2,238,1
30,216,0
30,398,0
12,375,1
10,376,0
11,437,1
15,412,0
16,277,0
17,429,1
26,453,1
2,253,1
12,300,0
26,465,0
23,214,0
18,258,0
32,141,0
3,346,1
3,167,1
30,425,0
1,433,1
30,295,0
32,189,0
28,210,0
21,467,1
13,458,1
27,244,0
36,374,0
7,278,0
22,340,0
10,425,1
15,418,0
15,430,1
4,252,0
32,203,0
23,174,0
6,227,0
24,298,0
20,253,1
20,155,0
12,377,1
33,444,0
28,118,0
8,258,0
1,125,1
22,268,0
6,122,0
21,146,0
32,112,0
35,316,0
15,421,0
5,293,1
6,243,0
25,172,0
29,255,1
7,176,0
13,268,1
18,386,0
2,184,0
8,281,1
11,414,0
33,396,0
27,211,0
20,329,0
12,195,0
31,267,0
27,477,0
32,255,0
10,204,1
3,292,1
27,429,0
35,231,0
31,454,0
15,481,1
16,237,0
13,430,1
35,369,1
11,137,0
21,495,0
11,144,0
30,500,1
35,262,0
22,430,0
31,352,0
14,268,0
24,384,0
32,373,0
36,119,0
32,338,0
15,369,1
35,409,0
3,130,1
16,413,0
5,203,0
21,269,1
10,285,0
19,227,0
25,309,0
4,380,1
29,352,0
19,118,0
2,299,0
10,319,1
25,235,0
20,322,0
19,102,0
23,335,0
24,441,0
11,327,0
34,500,0
28,241,0
5,108,0
5,289,0
21,449,0
12,264,0
4,238,1
20,375,0
25,390,0
14,152,0
11,274,0
32,209,0
11,302,1
18,235,0
27,103,0
18,254,0
23,271,0
11,457,1
21,146,0
5,193,1
23,147,0
25,339,0
10,446,1
22,312,0
19,439,0
1,423,1
7,238,0
4,304,0
1,480,1
15,172,0
12,103,0
22,175,0
22,428,1
17,176,0
29,403,0
14,355,0
20,201,0
33,205,0
15,432,0
12,138,0
20,413,1
30,374,0
3,187,1
28,310,1
26,468,0
30,176,0
13,176,0
13,127,0
2,344,0
2,165,1
36,365,0
26,481,0
11,304,1
8,157,0
22,300,0
20,324,0
8,241,0
29,480,0
26,467,0
30,183,0
17,242,1
20,451,0
16,132,0
7,500,1
16,251,0
27,257,0
23,240,0
24,350,0
9,402,1
35,211,0
20,243,0
17,308,0
31,323,0
8,142,0
15,363,0
31,343,0
30,102,0
20,224,0
12,367,0
17,183,0
30,115,0
29,433,0
19,158,0
11,276,0
34,162,0
7,148,0
34,406,0
20,345,0
24,388,0
10,385,0
32,431,0
15,114,0
20,437,1
3,354,1
8,191,0
23,378,1
11,305,1
8,193,0
29,324,0
30,400,0
10,417,1
28,298,0
36,370,0
13,333,0
32,145,0
36,163,0
26,329,0
22,348,1
4,345,0
31,174,0
18,256,0
24,322,0
23,289,0
22,151,0
2,187,1
31,412,1
11,438,0
28,165,0
32,249,0
5,119,0
10,132,0
24,427,0
35,380,0
23,145,0
17,172,0
1,453,1
31,412,1
31,442,0
34,232,0
9,154,0
22,160,0
13,444,0
25,107,0
18,371,0
12,345,0
17,275,0
15,215,0
15,416,0
15,370,0
13,292,1
17,249,0
32,230,0
9,201,0
20,409,1
26,369,1
27,391,0
21,309,0
18,460,0
13,437,1
16,166,0
9,109,0
12,148,0
19,210,0
7,420,0
35,318,0
18,156,0
16,382,1
4,212,0
25,232,0
32,170,0
13,182,0
17,156,0
6,475,1
19,448,0
13,370,1
26,210,0
14,456,1
31,474,1
4,175,0
8,257,1
25,119,1
13,230,0
32,428,0
28,221,0
30,140,1
3,266,0
28,229,0
3,122,1
34,378,0
16,350,0
22,499,1
32,108,0
8,112,0
8,406,1
6,419,1
14,151,0
32,308,0
35,137,0
10,199,0
3,292,1
12,290,0
31,150,0
29,492,0
5,240,0
25,267,0
31,410,0
21,208,0
20,306,1
22,399,0
4,209,0
13,295,0
20,251,0
13,342,1
17,227,0
36,204,0
33,109,0
1,455,0
15,247,0
13,464,1
17,463,1
24,239,0
8,289,1
27,193,0
23,328,0
8,162,0
8,439,1
26,124,0
13,367,0
28,380,0
25,110,0
16,419,1
2,300,1
18,225,0
17,405,1
30,289,0
13,188,0
32,454,0
29,215,0
30,451,0
18,276,0
13,113,0
21,356,0
30,308,0
21,380,0
17,427,1
19,424,0
15,488,1
9,204,0
10,246,0
31,378,0
23,108,0
30,217,0
33,193,0
9,243,0
1,388,1
35,485,0
11,113,0
34,356,0
16,445,0
9,285,1
32,444,0
15,499,0
12,306,0
33,445,0
14,271,0
8,369,1
8,320,1
27,251,0
12,210,0
1,282,1
11,498,1
31,438,0
17,171,0
33,485,0
32,382,0
29,173,0
21,454,0
21,314,0
23,427,0
6,122,0
22,167,0
8,497,0
35,472,0
11,461,1
24,192,0
21,420,0
2,423,1
19,483,0
28,162,0
17,323,0
6,324,1
19,468,0
28,445,0
2,436,1
4,202,0
22,314,0
26,291,0
36,259,0
13,471,1
32,306,0
17,368,0
36,293,0
19,479,1
35,251,0
28,336,0
1,187,1
18,110,0
33,286,0
12,313,1
8,114,0
24,365,0
16,396,0
4,172,0
27,151,0
9,227,0
16,127,1
12,164,0
31,116,0
24,450,1
14,237,0
25,418,0
34,328,0
3,353,1
24,309,0
9,393,1
26,330,0
20,340,1
10,169,1
19,203,0
3,303,0
24,152,0
5,474,1
3,429,1
27,153,0
16,375,1
15,434,1
35,130,0
12,234,0
26,157,0
34,204,0
23,365,0
31,109,0
20,352,0
12,394,0
23,255,0
4,257,0
23,136,0
1,218,0
25,166,0
2,341,1
30,398,1
3,312,1
21,407,0
25,200,0
20,155,0
22,431,1
21,423,1
33,338,0
15,492,1
15,330,0
25,461,1
21,480,0
24,191,0
5,378,1
6,208,0
23,416,1
4,267,0
27,399,1
18,317,0
21,321,1
28,260,0
35,115,0
22,377,1
23,156,0
3,161,1
10,462,0
25,426,0
8,341,0
11,189,0
5,171,0
29,425,0
5,129,0
9,458,1
2,387,0
1,185,0
30,333,0
11,334,1
28,412,0
12,464,1
26,364,0
13,386,0
8,426,1
28,492,0
30,368,1
9,285,0
31,230,0
21,390,0
34,376,0
31,419,1
25,450,1
12,279,0
1,389,1
22,476,1
1,262,1
1,370,1
21,475,0
15,195,0
17,361,0
22,464,0
35,452,0
16,387,0
8,182,0
17,324,0
17,322,0
26,217,0
13,291,0
17,178,0
17,177,0
14,246,0
6,206,0
35,481,0
14,370,1
8,489,1
15,343,0
27,172,0
13,456,0
31,453,0
35,125,0
6,309,0
5,191,1
22,224,0
23,172,0
25,222,0
34,408,0
26,283,0
5,286,1
26,297,0
20,177,0
6,447,0
6,285,1
18,443,1
4,352,1
17,112,0
14,398,1
14,175,0
13,150,0
7,374,0
15,248,0
19,318,1
35,221,0
17,310,0
35,379,0
19,125,0
20,272,0
36,255,0
35,337,0
32,475,0
24,181,0
17,455,0
7,372,0
1,167,0
35,143,0
32,160,0
36,222,0
13,448,1
6,295,1
14,429,0
15,422,1
4,210,1
16,357,0
28,188,0
16,297,0
4,381,1
26,299,1
28,198,0
32,126,0
2,188,1
31,245,0
3,281,0
8,356,0
24,288,1
15,339,0
31,458,1
9,486,0
2,295,0
8,396,1
7,264,0
16,406,0
35,370,0
30,107,0
10,137,0
18,213,0
5,438,1
29,155,0
34,458,0
23,237,0
5,201,0
30,433,0
6,276,1
4,268,1
29,438,1
23,385,0
6,360,1
32,474,0
18,322,0
15,298,0
32,310,0
9,386,1
10,279,0
20,349,0
6,330,1
3,122,1
11,147,1
17,208,0
32,395,0
4,105,1
4,137,0
17,268,1
19,455,0
5,382,0
32,302,0
22,424,1
6,412,1
35,372,0
22,343,0
1,426,1
20,146,0
22,348,0
11,178,1
13,209,0
3,112,1
9,494,1
12,479,0
23,464,1
14,189,0
33,441,0
18,447,1
9,379,1
23,320,0
10,172,0
19,333,1
5,359,1
23,212,0
30,145,0
25,373,0
28,142,0
34,307,0
25,448,0
10,202,0
14,223,0
30,109,0
25,428,0
14,286,0
35,130,0
34,255,0
10,159,0
35,348,0
11,486,0
11,473,1
21,369,0
21,316,0
22,498,0
7,101,0
17,123,0
2,305,1
12,419,0
18,298,0
11,455,0
16,213,0
18,379,0
35,254,0
26,264,0
16,321,0
6,190,0
12,266,0
13,306,0
4,381,1
2,164,1
26,475,0
27,103,0
27,256,0
15,348,0
8,356,1
7,334,0
12,405,0
13,465,1
17,494,0
17,173,0
36,286,0
21,161,0
8,436,0
5,263,1
26,155,0
16,210,0
36,317,0
28,339,0
29,120,0
12,240,0
30,364,0
23,238,0
16,169,0
14,484,1
10,217,0
7,297,1
29,304,0
3,313,1
15,155,0
36,386,0
19,392,0
13,274,0
21,446,0
27,469,0
29,227,0
20,477,0
25,424,0
6,391,1
36,387,0
2,325,1
22,163,0
32,147,0
16,301,1
18,436,1
5,159,0
36,496,0
30,356,0
19,164,1
23,338,0
34,388,0
13,137,0
29,124,0
36,158,0
22,456,0
36,482,0
9,396,1
19,257,0
6,156,0
15,147,0
20,427,1
9,155,0
32,164,0
4,367,0
18,168,0
5,315,0
20,489,0
23,188,0
11,380,0
22,356,1
4,259,0
29,333,0
34,230,0
13,148,1
9,246,0
31,415,0
7,101,0
4,428,1
19,244,0
30,465,0
31,160,0
35,372,0
21,148,0
31,431,0
19,230,0
31,142,0
32,156,0
2,149,1
10,277,0
2,392,1
2,145,0
24,269,0
17,370,0
32,435,0
16,238,0
16,346,0
31,247,0
24,329,0
1,379,1
11,224,0
21,291,0
4,473,1
7,179,0
26,193,0
12,325,0
31,164,0
17,187,0
33,187,0
11,300,0
28,313,0
32,303,0
1,500,1
28,481,1
7,188,0
2,160,0
24,370,0
4,193,0
19,406,1
26,126,0
11,313,1
11,173,0
3,160,0
12,285,0
3,130,0
27,318,0
2,111,0
16,401,0
2,131,1
30,259,0
20,336,0
28,326,0
25,280,0
32,416,0
10,145,0
33,440,0
13,179,0
16,234,0
22,359,0
20,407,1
27,346,0
16,258,0
34,302,0
32,211,0
26,391,0
25,409,0
2,218,1
12,482,1
9,116,0
12,430,1
26,326,0
9,460,1
10,216,0
32,142,0
34,467,0
20,214,0
2,382,1
1,136,0
36,401,0
24,212,1
27,134,0
2,231,0
31,435,0
14,435,1
2,476,1
29,327,0
15,246,0
12,221,0
28,180,0
20,272,0
24,253,0
21,249,0
10,474,1
14,157,0
18,162,0
24,255,0
14,455,1
34,421,0
12,500,0
22,267,0
6,265,0
36,184,0
36,236,0
22,288,0
14,499,0
16,478,1
36,101,0
25,205,0
32,463,0
33,171,0
36,225,0
20,269,0
18,304,0
3,412,1
23,436,0
32,294,0
16,257,1
5,240,1
4,374,0
21,106,0
14,492,1
31,153,0
14,203,0
6,441,1
12,437,1
16,160,0
17,186,0
23,357,1
14,277,0
7,341,0
32,302,0
15,130,0
17,388,0
34,179,0
5,110,0
27,353,0
23,483,0
14,490,0
15,483,1
33,386,0
31,275,0
35,225,0
17,146,0
28,305,0
19,206,0
23,374,0
32,436,0
13,222,0
20,233,1
35,206,0
5,404,1
9,428,1
29,149,0
6,436,1
25,194,0
31,367,0
22,122,0
2,153,0
5,473,1
27,353,1
25,334,0
8,158,0
1,263,0
20,358,0
23,413,0
32,315,0
11,282,0
24,156,0
11,244,0
29,189,0
26,410,0
16,144,0
35,356,0
20,120,0
3,120,1
1,151,0
1,437,1
17,270,0
2,166,1
29,212,0
20,399,0
6,259,1
8,365,1
29,419,0
33,331,0
3,424,1
35,167,0
5,127,0
27,215,0
12,150,0
20,280,0
20,359,0
9,178,0
4,372,0
19,207,0
27,173,0
13,274,0
13,283,0
22,122,1
28,373,0
22,228,1
19,390,0
8,419,1
8,285,0
26,158,0
26,100,0
23,230,0
13,166,0
28,392,0
9,384,1
20,188,0
19,199,0
12,288,1
15,477,1
31,445,0
14,487,1
11,340,0
26,369,0
27,318,0
11,275,0
34,486,0
19,440,0
6,332,1
28,250,0
1,376,1
35,328,0
8,270,0
7,322,0
11,312,0
4,381,1
25,140,0
12,221,0
26,326,0
12,393,0
24,187,0
16,366,0
13,128,0
25,346,0
4,415,1
11,343,0
32,160,0
7,246,1
11,273,1
28,377,0
23,433,0
23,468,0
28,478,1
26,241,0
25,143,0
29,243,0
19,452,0
33,432,0
36,495,0
14,154,0
14,406,0
35,457,1
30,260,0
28,384,0
17,424,1
3,297,0
16,258,1
30,179,0
29,130,0
15,211,0
25,145,0
23,452,0
25,304,0
7,151,0
22,237,0
17,173,0
18,140,0
10,176,1
10,486,1
7,286,0
27,469,0
33,151,0
1,186,1
34,208,0
4,496,1
17,324,0
4,347,0
26,168,0
4,219,0
1,166,0
7,160,0
30,426,0
9,290,0
35,288,0
8,250,0
24,385,0
19,195,0
36,411,0
27,408,0
32,362,0
14,196,0
18,212,0
28,224,0
29,231,1
16,220,0
35,296,0
31,393,0
4,221,0
17,381,1
26,484,0
4,359,1
30,138,0
30,153,0
22,260,0
11,388,0
2,299,0
12,375,0
30,115,0
36,272,0
18,347,0
26,482,1
7,317,0
1,186,0
26,181,0
23,161,0
26,386,0
6,141,1
6,111,0
8,420,1
24,333,0
22,428,0
19,230,0
18,214,0
31,317,0
30,236,0
33,205,0
10,278,1
12,115,0
30,341,0
27,433,0
9,480,1
21,486,0
12,325,0
29,341,0
33,240,0
15,485,1
2,298,1
18,211,0
3,226,0
7,120,0
18,246,0
33,188,0
31,402,0
11,302,1
4,184,1
18,266,0
4,483,1
34,171,0
29,397,0
24,108,0
22,380,0
2,357,1
6,374,0
25,337,0
21,119,0
16,332,0
31,320,0
14,425,1
28,116,0
32,479,0
28,188,0
9,295,1
22,449,1
32,183,0
5,486,1
23,186,0
5,406,1
32,437,0
10,253,1
15,327,0
7,363,0
29,322,0
3,220,1
19,272,0
10,103,1
28,441,0
29,227,0
15,209,0
35,454,0
6,136,0
12,170,1
13,388,0
29,130,0
19,480,0
3,367,0
8,110,0
8,443,1
20,427,0
4,131,0
21,156,0
3,265,1
8,287,1
23,441,0
16,118,0
13,215,0
3,283,1
9,369,1
14,132,0
13,109,0
7,179,0
15,291,0
7,419,1
34,289,0
22,167,0
24,447,0
1,224,0
10,435,1
16,158,0
8,196,0
25,374,0
12,248,0
25,377,0
17,364,1
26,108,0
14,382,0
36,372,0
23,400,0
6,107,0
5,307,1
25,224,0
18,222,0
13,132,0
14,100,0
28,303,0
18,105,0
28,396,0
27,104,0
32,179,0
9,373,0
32,276,0
20,437,0
28,420,0
33,438,0
4,235,1
34,486,0
3,124,0
26,424,0
8,282,1
6,267,0
16,437,0
24,277,0
30,472,0
13,194,0
5,132,0
25,210,0
20,245,0
18,480,0
18,330,0
2,371,1
10,435,1
12,137,0
13,234,1
11,433,0
19,334,1
35,418,0
26,467,0
14,444,1
24,259,0
1,137,0
22,249,0
23,499,0
19,407,0
18,128,0
12,243,0
28,175,0
28,244,0
33,328,0
19,163,0
28,446,0
26,444,0
35,368,0
34,427,0
35,283,0
16,360,0
13,367,0
23,268,0
22,358,0
16,326,1
28,132,0
35,476,0
8,313,0
22,149,0
21,492,1
26,309,0
21,128,0
25,138,0
1,446,1
6,199,0
23,272,0
23,116,0
23,155,0
32,325,0
30,145,0
13,166,0
18,296,0
23,241,0
15,422,1
33,122,0
21,193,0
23,341,0
